,acc_0,acc_1,f1_0,f1_1,auc_0,auc_1,pehe,mae,kl_0,kl_1
ClassCaus,0.753125,0.809375,0.7357859531772575,0.8762677484787019,0.8234923634073373,0.8337347909332345,0.058998364955186844,0.1863844245672226,66.0446058911644,39.39862583383032
lgbm,0.8,0.896875,0.7974683544303798,0.9371428571428572,0.5285061154312063,0.4185218702865761,0.46399467832720076,0.39414938437062463,282.1726706965786,40.000852603278666
xgb,0.8,0.896875,0.7974683544303798,0.9371428571428572,0.5167441678715173,0.4234087481146305,0.42689135670661926,0.34968051314353943,315.12269080000135,78.06531804014162
rf,0.8,0.896875,0.7974683544303798,0.9371428571428572,0.5343870892110508,0.4646757164404223,0.27395444706466243,0.22941767329082358,111.30526411342912,31.763343649194624
